data,type
Man swiftly riding a horse.,sentence
A batter playing cricket missed the ball and the person behind him is catching it.,sentence
A cricket player misses the pitch.,sentence
The three men are playing cricket.,sentence
Man grooms a tree while a child helps him.,sentence
People walk on a sidewalk beside a building that has graffiti on the brick wall.,sentence
Street vendors serve passer-by's in the city.,sentence
People are walking up and down the streets.,sentence
The woman with blue hair has a green scarf tied around her head.,sentence
Woman with blue hair at a large gathering.,sentence
"Man with black suit on, on some type of glider in ocean, attached to parachute.",sentence
"Two women, one wearing blue clothing and the other wearing an orange skirt and white shirt, are standing in high grass as one holds a camera.",sentence
"A woman holding a camera and another woman, both with long flowing dresses, look into the distant on a riverbank.",sentence
"Two women are standing in a wet marsh looking at a tree, there is very long grass surrounding them.",sentence
Two Indian ladies photograph the long green grass outdoors of their native land.,sentence
"Two men, in the woods, cook something in a can over an open fire.",sentence
Two men are preparing dinner over a fire with tin cans.,sentence
A man and a woman can prepare meals at camp together.,sentence
Two man are outdoors cooking over an open fire.,sentence
"Two women, one in a blue halter top and the other a pink shirt, enjoy some beer.",sentence
"Two women sitting down at a party, drinking large glasses of beer.",sentence
Two women enjoying drinks and each other's company at a bar.,sentence
Two happy looking women beside alcoholic beverages.,sentence
A girl with long pigtails and a barbie bag touching the orange poles along with other little girls wearing a white shirt and blue shorts.,sentence
Several children in white shirts run their fingers through a railing.,sentence
Three little children playing behind bars,sentence
Young girls leaving school,sentence
"One standing man and one seated man in a concrete block alley on cellphones, both wearing fitted caps and loose-fitting khaki clothing.",sentence
Two men are talking on their cellphones while in an alleyway.,sentence
Two African men mind their own business.,sentence
Two middle eastern men on cellphones.,sentence
"Two construction workers working on infrastructure, while one worker takes a break.",sentence
One man is shirtless while the other two men work on construction,sentence
Three male construction workers on a roof working in the sun.,sentence
Three men are working construction on top of a building.,sentence
Surfer in black wetsuit falling off his board into the water.,sentence
A surfer is falling into a big ocean wave,sentence
A surfer flies over a crashing wave.,sentence
The surfer is wiped out by the wave.,sentence
A woman is holding her child while a man is reading something from a piece of paper and taking something from a bowl that a younger girl is holding in a park with a small lake in the background.,sentence
"Woman wearing brown sandals and blue jeans, in a white shirt, holding a baby under a tall tree.",sentence
A small group of people meeting together at a tree by water.,sentence
A family is standing under a very large tree.,sentence
"A girl in a blue dress, wearing a blue sweater, hanging out in a tree.",sentence
A girl in a blue school uniform climbs a tree and stops for a picture.,sentence
Girl in school outfit atop a tree.,sentence
A schoolgirl climbing a tree.,sentence
Blond woman in black cycling outfit and bicycle helmet getting on a ten speed bike.,sentence
"Blond bicyclist wearing a helmet and pink goggles, looks down.",sentence
A female wearing bicycle racing gear and a helmet is on a bike.,sentence
A woman in black and white is on a bicycle.,sentence
A little girl in a swimsuit on the beach at the edge of the water between large rocks .A woman with.,sentence
A young girl in an orange bathing suit plays on the beach's shore.,sentence
Child in bathing suite walking towards water on beach.,sentence
Girl in bathing suit near a rocky shore.,sentence
A woman wearing a red and black striped dress is standing next to two women on a sidewalk.,sentence
Three girls are chatting and waiting in front of the parking lot.,sentence
Teenage girls are gathered near a wall in a city.,sentence
Three younger women sit outside and have a chat.,sentence
Little boy who is playing in the sand.,sentence
A bald man wearing all black waits for the subway and so does another man who is leaning on a pillar.,sentence
A man holds a blue notebook while he waits on the train platform.,sentence
An elderly man is standing on the edge of a train platform.,sentence
Two men wait for the subway.,sentence
"A group of people are standing at the front of the room, preparing to sing.",sentence
A group of women with black binders stand in front of a group of people.,sentence
Woman standing in front of group with black folders in hand.,sentence
A group of individuals performed in front of a seated crowd.,sentence
An older man in a red sweatshirt stands in front of a group of children sitting on benches in front of him.,sentence
"Four boys, one on a skateboard, one on a scooter, and two standing, are at a skate park on a ramp with a scary looking face graffiti on it.",sentence
"At a skate park one man skateboards, one rides a scooter and 2 men record the skateboarder from below and above him.",sentence
Five people walk through the snow wearing exotic clothes.,sentence
A family in colorful clothing walking in the snow.,sentence
A middle eastern family is walking,sentence
Four men in purple shirts and two in dark gray moving a sculpture.,sentence
A group of men place a chicken foot statue in its setting.,sentence
Some men are trying to place a statue down on the ground,sentence
Bagpiper on the street of a city.,sentence
Six casually dressed people watch from the comfort and protection of a wooden rail while a restaurant employee stands in the background.,sentence
A group of six people are standing next to a white fence.,sentence
Six people stand at the railing at the El Tambor.,sentence
Crowd of people standing near a bench.,sentence
A yellow Labrador running with its ears flopping.,sentence
This dog is running along the path.,sentence
The brown dog is running.,sentence
People are sitting at tables and some are looking at a dog balloon.,sentence
Several people sitting outside around a Dalmatian balloon.,sentence
These people are sitting outside on a sunny day.,sentence
People sit outside a tea house on a nice day.,sentence
Man reads to his son while mother spends time with the other child on the sofa.,sentence
Two men in restaurant uniforms pose for a picture.,sentence
Two men both with dark hair wearing striped vests.,sentence
Two young men wearing matching clothing smiling.,sentence
Two guys are wearing matching uniforms.,sentence
"A boy in a red plaid button-up shirt playing a guitar, with another boy playing an orange bass behind him, and another person playing a drum set.",sentence
"Two men rehearsing, one wearing a checker broad sweater and the other playing a orange guitar.",sentence
A group of young adults come together to perform song complete with drums and a guitar.,sentence
Young men perform in a band indoors.,sentence
A man walking past a lamp post with a sign saying 'no dogs allowed'.,sentence
A man is walking by a pole with a no pets sign.,sentence
A man talks on his cellphone in private.,sentence
Man taking a walk by himself.,sentence
Two little dogs are lying on the green grass and a larger dog looks down on them.,sentence
A large orange dog and a little orange dog with another third dog in the grass.,sentence
Three dogs sniffing each other.,sentence
Two dogs and a puppy.,sentence
Indian girl with her mom praying or performing a ritual,sentence
Short dark hair woman with a black phone is on the phone on the sidewalk.,sentence
A woman in a floral print blouse talks on her cellphone on the sidewalk.,sentence
A woman is standing outside of a building talking on her cellphone.,sentence
Two adults on cellphones downtown.,sentence
A street in an Asian country where there are 5 people gathered around a table.,sentence
Several people are huddled around a table in an Asian country.,sentence
Four women are outside of a Chinese store.,sentence
A Chinese store in a shopping plaza.,sentence
The students sitting on the grass are eating a lunch from a red backpack.,sentence
Young people sit on the grass near a crooked tree with pink blossoms.,sentence
People outside sitting on the grass under cherry blossom trees.,sentence
People are sitting at a park under flowering trees.,sentence
A half naked man pushes against the trunk of a fig tree.,sentence
A groups of males dressed in soccer uniforms are standing in a line on a field.,sentence
Soccer players are shaking each others hands on the soccer field.,sentence
"A line of players at a soccer game, wearing red and white.",sentence
A soccer game underway with a kid on the field.,sentence
Two people are sitting on the grass with the water just below them along with a waterfall.,sentence
Man and woman sitting and talking near a small waterfall.,sentence
Couple sitting in park near a small waterfall.,sentence
A couple sitting by a small waterfall.,sentence
Adolescents are sitting on the floor with strings stretched across the room.,sentence
Kids sitting on the floor against the wall with rope all over the floor.,sentence
A group of 8 teenager sitting along a wall holding a string.,sentence
People sitting on a rug around ropes.,sentence
A group of hikers are climbing up a snowy mountain.,sentence
A group of people are hiking up an icy hillside.,sentence
Five people in full gear are mountain climbing.,sentence
A group of people are climbing in cold weather.,sentence
Brown-skinned girl pretends to do her homework while someone takes a picture for social services.,sentence
Girl giving a man a biscuit.,sentence
An Afican American woman standing behind two small African American children.,sentence
An African woman stands with her two children under a boulder.,sentence
A woman and two children pose for a picture under some rocks.,sentence
A woman in purple with two children in the mouth of a cave.,sentence
"Three women on a stage, one wearing red shoes, black pants, and a gray shirt is sitting on a prop, another is sitting on the floor, and the third wearing a black shirt and pants is standing, as a gentleman in the back tunes an instrument.",sentence
A group of musicians surround a singer wearing all black.,sentence
Three people watch a woman dressed in all black act.,sentence
Four people in a performing arts class on stage.,sentence
Children eating at a outdoor cafe & someone doesn't like the menu.,sentence
The mother in green is looking at her son while he is crying.,sentence
A blond-hair lady sitting with a kid.,sentence
Small blond boy throwing a fit.,sentence
A group of people standing on the lawn in front of a building.,sentence
An older man wearing a bowler hat and white gloves is playing a tuba with fire blowing out of the top while sitting on a box amplifier in front of a cement wall.,sentence
A man in black and white garb and wearing a black hat and white gloves is sitting on an amp playing a tuba with flames coming out of the opening.,sentence
A fancily dressed elderly man plays a baritone as it is set aflame.,sentence
A man using a flaming tuba.,sentence
Four construction workers stand on a beach-side road in the process of being rebuilt; none of them are working.,sentence
"Four construction workers are smiling, with two talking to each other as the others stare at the camera.",sentence
"Four male construction workers, three of which have yellow shirts on, are standing together.",sentence
Four construction workers pose for a picture near water.,sentence
A man in Ray-Ban sunglasses and a black v-neck holds a stringed instrument.,sentence
A man wearing a black t-shirt and sunglasses holds the neck of a bass.,sentence
A bald man wearing glasses and a black shirt holing an instrument.,sentence
A man in dark glasses holds a cello.,sentence
A boy in a red hooded-coat is riding a pool broom like a horse in an empty pool.,sentence
The child in raingear is dragging a broom through a puddle.,sentence
A little kid in a red jacket riding a broom like a horse.,sentence
Boy in raincoat straddle stick outside.,sentence
"Two men, one holding a white cup and the other holding a phone, stand inside a room during the daytime.",sentence
Two elderly men standing in front of a projector pull-down screen.,sentence
Two men in a classroom in front of a white screen.,sentence
Two older men in gray jackets.,sentence
Some people are on a snow-covered mountain holding ski poles and wearing backpacks.,sentence
Two women standing in the snow talking and observing the surroundings,sentence
Two women are standing with ski poles in deep snow.,sentence
Two girls in blue are skiing.,sentence
An Asian man in an orange jacket carries a high stack of boxes.,sentence
A man in an orange jacket and blue pants carrying many boxes.,sentence
A man in an orange sweater carrying a large amount of boxes.,sentence
Man carrying too many boxes.,sentence
The adults and children are gathered near an outdoor seating arrangement.,sentence
Adults and children stand and play in front of steps near a wooded area.,sentence
A family stands in a paved courtyard in an park in fall.,sentence
The girl with the red bike is wearing red pants.,sentence
The white puppies are playing on a couch with a baby bottle.,sentence
Three puppies are lying on a couch beside a baby bottle.,sentence
Three puppies on a couch next to a bottle of milk.,sentence
Three puppies play on a couch.,sentence
"An older couple walks a narrow, crowded street under orange sodium vapor lamps at night.",sentence
A man and a woman in a crowd of people on a street at night.,sentence
An older couple is walking down the street.,sentence
People walking along on a street at night.,sentence
1 woman in a black jacket is drinking out of a bottle while others are smiling.,sentence
Several young adults drinking alcoholic beverages at a party.,sentence
A group of people enjoys their company with liquor.,sentence
Young people are in the kitchen laughing.,sentence
"In China, a man gets out of a port-a-potty while another man waits.",sentence
A man walking out of a portable bathroom.,sentence
Two men use porta johns in the far east.,sentence
A man steps out of a blue porta potty.,sentence
A little boy is flying a kite high up in the air.,sentence
A boy flying a red and white kite.,sentence
Boy flying a distant kite.,sentence
A child flying a kite.,sentence
A group dressed in wintery attire of people on a sidewalk in Washington D.C.,sentence
A crowd of people views newspaper covers in Washington D.C.,sentence
A crowd of people in front of a memorial in Washington DC.,sentence
Lots of people gathering in a line.,sentence
There is a little girl with brown curly hair who is in a bathing suit staring at the water.,sentence
Children running towards a very big tree.,sentence
A crouching white man in a yellow shirt looks down from on top of a wooden structure.,sentence
A man in a yellow shirt is putting a new roof on a building.,sentence
A man on top of the roof looks over the ledge.,sentence
A man hammers plywood on a roof.,sentence
A soccer team wearing white shirts and maroon shorts stand in a line.,sentence
Soccer players are shaking each others hands on the soccer field.,sentence
An infant screams from the backseat of a cab.,sentence
Three people in a small boat next to a wooden dock where two other people are standing.,sentence
Several people sitting in a boat and standing on a dock on a body of water in the forest,sentence
Two men standing on a dock next to three people in a canoe.,sentence
People standing and sitting at a dock.,sentence
Asian Girl in red hoodie sitting at table eating with friends.,sentence
Two oriental people are seated a table at a restaurant.,sentence
A girl is eating with her friends at a restaurant.,sentence
A girl wearing brown jacket smiles.,sentence
The three girls are jumping and dancing on the colorful lawn.,sentence
Three females are jumping while reaching up into the air.,sentence
Three girls jumping in front of a house's flower garden.,sentence
Three girls jumping on a lawn.,sentence
"Three people, two seated on a large rolled up piece of artifcial turf and a female standing talking to one of the seated men.",sentence
A group of people sit on a bench outside that looks like a tree trunk.,sentence
A man is laying back while a man and woman look in his direction.,sentence
A couple watching a man sleep on a piece of art.,sentence
Two black-robed young men stand on the steps in front of a building.,sentence
The two church officials wear black robes and purple hats.,sentence
Two Orthodox priests stand on the steps outside a church.,sentence
Two priests stand on some stairs in front of a building.,sentence
"Four construction workers, wearing neon vests, stand at a construction site along with some equipment.",sentence
Construction workers are standing around the back of a dump truck.,sentence
Men standing around a cement truck on a construction site.,sentence
Four construction workers standing by a concrete machine.,sentence
A person wearing a green and white shirt with a white hood is sitting outside on the steps of a large building while another person is lying down a few steps higher.,sentence
"Two men in hoodies loiter on the steps of an imposing looking public building next to a statue of a man and a lion,.",sentence
Guy in a green shirt sitting on stairs in front of a statue of a lion and a man.,sentence
Many people taking pictures of the mountains in front of a no truck sign,sentence
Cancer survivors race for a cure.,sentence
A woman wearing glasses and a brown beanie next to a girl with long brown hair holding a book.,sentence
Two women in black jackets reading a magazine and smiling.,sentence
Two travelers on a train or bus reading a book together.,sentence
Two dogs are shaking themselves dry on the path next to the water.,sentence
Two dogs are shaking water off.,sentence
"A shirtless man, wearing a brown kilt and backpack, gives a thumbs up on a city sidewalk.",sentence
A man wearing glasses and a kilt is wearing a backpack and giving the thumbs up.,sentence
A man with tattoos carrying a skateboard gives thumbs up on the sidewalk.,sentence
"Man with lots of tattoos and no shirt, wearing a skirt.",sentence
A man with a mustache wearing a black and red plaid shirt plays guitar.,sentence
The gentleman wearing a black bandanna is playing a five-string bass.,sentence
Man in business attire speaks into a microphone.,sentence
"A boy in a red plaid button-up shirt playing a guitar, with another boy playing an orange bass behind him, and another person playing a drum set.",sentence
A group of young adults come together to perform song complete with drums and a guitar.,sentence
"Three young men playing musical instruments, one has a guitar and one is on drums.",sentence
Young men perform in a band indoors.,sentence
Black man in a nice suite that matches the rest of the choir he's singing with near a piano.,sentence
A lead choir singer with the rest of the choir singing in the background of a concert hall.,sentence
A man with a red bowtie singing a solo with a full men's choir in the background.,sentence
"An all male choir and soloist are performing, with a piano nearby.",sentence
Three men in white shirts dance and sing on a stage as a group of women watch from the sidelines.,sentence
Three adult men in a row with their arms around each other and seem to be singing.,sentence
Friends having fun out for the night.,sentence
Three men are walking and singing.,sentence
A large Asian family gathers while seated on the floor to interact with a board apparatus.,sentence
A family of all ages sitting on the floor playing a board game.,sentence
A group of people are sitting in a circle enjoying themselves.,sentence
A group of people playing a board game.,sentence
"Five musicians, a man and four women, practicing sheet music (using flutes ) in a living room.",sentence
"People gathered in a circle, some holding musical instruments.",sentence
People gathered in a room to talk about their favorite tunes.,sentence
Five people are sitting in a circle with instruments.,sentence
Musician dressed in all black smiles for the camera.,sentence
Two men in tan coats exchange looks on the city sidewalk.,sentence
Two senor citizens talking on a public street.,sentence
Two men in brown coats on the street.,sentence
"Two men in beige coats, talking.",sentence
A woman and man lounge on a cliff surrounded beach with ruins in the background.,sentence
People are on the beach sunbathing near rocky cliffs.,sentence
A woman on a lounge chair is lying on the beach.,sentence
Several people laying down on the beach.,sentence
Four men with baseball caps and logo t-shirts laughing together at a table.,sentence
Four men in white shirts and baseball caps sitting around a table.,sentence
"Four men in white T-shirts, blue jeans, and hats talking.",sentence
A group of friends talk around a table.,sentence
A man with a cowboy hat is riding a horse that is jumping.,sentence
A cowboy riding on his horse that is jumping in the air.,sentence
A cowboy balances on his horse in a rodeo.,sentence
Man wearing a cowboy hat riding a horse.,sentence
A woman in blue shorts and white shirt holds a tennis racket on a blue tennis court.,sentence
A woman in a white top and blue shorts is playing tennis.,sentence
Woman in a white shirt and blue shorts playing tennis.,sentence
A blond woman wearing glasses is playing tennis.,sentence
"Woman wearing a black sunhat, black dress and black Ugg clogs, walking in a city square.",sentence
A young woman dressed in black walking on pavement in front of a lake,sentence
A woman in a black dress walking by the water.,sentence
An oriental girl walking in front of water.,sentence
"An old man with a long white beard, a child in a striped shirt and a chicken are pictured standing outside a tent.",sentence
An old man with a beard and a young boy in a striped sweater peer inside a tent.,sentence
An older man and a young child are looking through the opening of a tent.,sentence
One man and one boy looking into a tent with a blue blanket in it.,sentence
"Four guys including one with a black backpack, one drinking coffee, one in a red shirt and one with a gray shirt are watching Elmo on tv.",sentence
College aged adults watching Elmo on large television.,sentence
Four grown men watching Elmo on a television.,sentence
Young men watching Sesame Street.,sentence
A person in blue jeans and a blue shirt sitting on a rock by a pool of water.,sentence
A girl in blue clothes in sitting on a rock next to a small waterfall.,sentence
A woman is sitting on a rock at the edge of some water.,sentence
A lady sits on a rock in front of small waterfall.,sentence
Older man in blue shirt staring down at a beer can in his hand.,sentence
A man in a v neck black shirt looking at a beer.,sentence
An older gentleman looking down at his beer.,sentence
An old man looks at his beer.,sentence
Para-Olympians representing South Africa in track and field celebrate after a race.,sentence
A group of South African runners pose at the Paralympics.,sentence
This team of South African athletes have disabilities.,sentence
A South African track team poses for a picture.,sentence
"A man in a blue hat and green coat is holding a sign that says slow, with RVs parked in back of him.",sentence
A man yields a slow sign at a docking area.,sentence
The man is holding a SLOW sign.,sentence
A man is holding a slow sign,sentence
Six adults sitting at a picnic table with a woman in a yellow sweater talks to them.,sentence
Seven people are sitting at a picnic table with evergreen trees in the background.,sentence
A group of people are sitting together at a picnic table.,sentence
Young men and women sit at a picnic table in a park.,sentence
An older man in a suit gives a presentation to other businessmen.,sentence
A man in a suit is standing at a podium in front of an audience.,sentence
An older gentleman is holding a conference.,sentence
Some men are attending a meeting.,sentence
Five older gentlemen are shooting pool in a white room.,sentence
5 Elder group of man playing snooker on a pool table.,sentence
Five older men playing pool,sentence
Five old men playing pool,sentence
DHL employees posing for a company photo in front of their business.,sentence
The staff of a DHL pose outside of the building for a group photo.,sentence
A group of DHL employees pose in the parking lot for a photograph.,sentence
A group of employees are posing for a photo outside of a building.,sentence
An African-American man plays the harmonica and electric guitar simultaneously into a microphone outside in front of a parking lot.,sentence
Men and women on bikes stop to look at something.,sentence
People on their motorcycles on a sidewalk.,sentence
A boy in blue jumps his skateboard off some steps while his friends watch.,sentence
A boy in blue jumps on a skateboard while two others watch him,sentence
A group of skaters are at a skate park.,sentence
Three skateboarders are in a park.,sentence
A German shepherd breed dog is jumping through a hoop with onlookers.,sentence
A German Shepherd jumping through a black hoop in front of spectators,sentence
German Shepherd jumping through black hoop while people watch,sentence
A dog jumps through a hoop.,sentence
Person with a red bandanna is skateboarding down a pole with buildings in the background.,sentence
A young man dressed in classic grunge gear grinds a rail on his skateboard.,sentence
A man skateboarding outside balancing his skateboard on a beam.,sentence
Skateboarding grinding in a bootleg skate park.,sentence
Two travelers on a train or bus reading a book together.,sentence
A couple laughs together as they read a book on a train.,sentence
Two girls sitting down and looking at a book.,sentence
"One standing man and one seated man in a concrete block alley on cellphones, both wearing fitted caps and loose-fitting khaki clothing.",sentence
A man on a phone stands before a seated man.,sentence
Two African men mind their own business.,sentence
Two middle eastern men on cellphones.,sentence
"Two men are standing in a room, pointing in opposite directions, while another man is standing in between them looking to his left.",sentence
"Two men trying to give directions and failing completely, confusing their victim in the process.",sentence
"Three men stand in an art gallery, two of them point at objects unseen.",sentence
Two men are pointing at pictures around the head of a third man.,sentence
"Guys wearing yellow, red, and blue are running in the grass.",sentence
Man jumping on another during a game in the grass.,sentence
A man in yellow is leaping toward men in blue.,sentence
A soccer game on a grassy field.,sentence
"Two women, one in a blue uniform, the other in a white one, are competing in a martial arts match as a referee looks on.",sentence
"2 females, 1 from germany and 1 from China, compete in a wrestling match on a mat.",sentence
"Two people, one in blue and the other in white, wrestle while others look on.",sentence
Two women wrestle to the ground while a judge watches.,sentence
A young group of friends adorned with face paint and feathered headbands sit on a bench.,sentence
Five young women sitting on a green bench wearing headbands with feathers in them.,sentence
Five young girls with backpacks sitting on a green park bench.,sentence
Five young girls wearing headbands sitting on park bench,sentence
A man in a black vest and a woman in a white jacket are running in a race.,sentence
A man and a woman wearing numbers are waving in the street.,sentence
Two runners waving as they finish a race.,sentence
Joggers wavy happily during race.,sentence
"A scottish band, whose members are dressed in kilts, marching in front of onlookers, playing bagpipes.",sentence
Men in traditional Scottish attire marching and playing bagpipes.,sentence
A Scottish band marching in a stadium as a crowd looks on.,sentence
Men parading in kilts and playing instruments.,sentence
Motorcycle guy waiting to cross the street.,sentence
A little girl and boy play Frisbee together in a grassy area.,sentence
A little boy and a little girl playing together outside.,sentence
Two children playing in a field.,sentence
A young boy and girl playing.,sentence
The man sitting seems to be reading while waiting for the bus while the people in the background seem to blend in with the landscape.,sentence
Blue race car riding on dirt path with onlookers.,sentence
Two people are sitting on the grass with the water just below them along with a waterfall.,sentence
Couple sitting in park near a small waterfall.,sentence
A couple relaxing on the grass at a weir.,sentence
A couple sitting by a small waterfall.,sentence
People are walking along a street under a large billboard.,sentence
Women wearing sunglasses shopping downtown.,sentence
A crowd of people walking down a sidewalk.,sentence
Several women walking down the street.,sentence
A man wearing a red boxing uniform throws a punch with his right hand as a man wearing blue boxing gloves and headgear blocks the punch.,sentence
A boxer in red with an intricate tattoo gives his opponent a right hook to the head.,sentence
"Two boxers are fighting, one is punching the other.",sentence
Two men are duking it out in a boxing ring.,sentence
People with bags walk along a dirt road in front of a green building.,sentence
African people walk by a teal colored building in the desert.,sentence
"Africans in tribe clothes, walking pass a green.",sentence
Two people walking down a sandy road.,sentence
A woman is directing a group of men and woman during singing class.,sentence
People in a class receiving instructions from a teacher.,sentence
A woman in a black and white dress conducting a choir.,sentence
A choir is practicing in a room with a wood floor.,sentence
"A man in a white shirt is holding a saw, standing next to a tree and a child.",sentence
Child wearing fireman's hat sits on ground next to man holding a handsaw.,sentence
A man and a child in a hard hat are sawing at a tree.,sentence
Man grooms a tree while a child helps him.,sentence
"Two young men, one wearing a black shirt and the other wearing a white shirt, are looking at papers on a table.",sentence
A table at Penn State sponsored by a Greek organization promotes the sale of basketball tickets.,sentence
Two young men are signing up for sign up for a basketball related event.,sentence
Two boys stand at a blue table fill out a form.,sentence
6 men in work jumpsuits and 1 man in an orange jumpsuit are walking next to green and red loading docks.,sentence
Six men in blue jumpsuits and a man in an orange jumpsuit walk by a shipyard.,sentence
A group of men in jumpsuits walk along the dock of the Bumi Jaya.,sentence
6 Men dressed in blue and one man dressed in orange walking.,sentence
"There are five white individuals on a stage in a line, the outer four are looking inward toward the middle individual who has a beard.",sentence
Four men and one women are discussing something together on a stage with microphones.,sentence
A group of people sitting in a semicircle are talking into microphones.,sentence
Five people taking part in a discussion on a stage.,sentence
A man in a black shirt and red and white hat swinging a golf club at a golf ball that is sitting in green grass.,sentence
A man in a black shirt is playing golf outside.,sentence
A man is playing golf by himself.,sentence
There is a man playing golf.,sentence
Woman trying to punch man.,sentence
A woman is holding her child while a man is reading something from a piece of paper and taking something from a bowl that a younger girl is holding in a park with a small lake in the background.,sentence
"Woman wearing brown sandals and blue jeans, in a white shirt, holding a baby under a tall tree.",sentence
A small group of people meeting together at a tree by water.,sentence
Two women and a man are having a discussion at an event.,sentence
An individual sits at their laptop computer in a loft of books.,sentence
A woman sitting at a table looking at a laptop computer.,sentence
A worker is looking at her laptop sitting at her desk.,sentence
A woman in a building on a laptop.,sentence
"Two men in black hoodies, one of which is smoking a cigarette standing next to a fire.",sentence
Two men in black jackets are standing near a fire.,sentence
Two men standing next to a fire at night.,sentence
Two men standing by a fire at night.,sentence
A man sitting on a running horse on a dirt track.,sentence
A person is riding a horse down a dirt trail.,sentence
A jockey training his horse.,sentence
Man swiftly riding a horse.,sentence
"A group of people gathered around two woman, one of the woman is wearing a green dress with yellow shaped on it, the other woman is wearing pink and black shirt.",sentence
A group of Africans are enjoying themselves in group song and dance.,sentence
People clap while two women play a game.,sentence
Women are dancing outside.,sentence
Two soccer players race each other during a match while the crowd excitedly cheers on.,sentence
One blue team and one white team are competing to win a sports game.,sentence
Men scramble in a soccer game.,sentence
Rugby players having fun.,sentence
"Partially obscured by black duffel bags, a young man wearing a black shirt and tan shorts is asleep in the back of a vehicle.",sentence
"A man in shorts, t-shirt and a baseball cap sleeps in the back of a vehicle next to luggage.",sentence
A man sleeps while listening to his iPod in the back of a vehicle.,sentence
A man is sleeping by a bunch of luggage.,sentence
"A man and a woman, both pushing strollers with children in them, are stopped and looking at each other.",sentence
The Man and the Woman are talking with one another each carrying a child on a stroller.,sentence
Two parents walk past each other on the street with their kids in strollers.,sentence
Two people with children exchange words.,sentence
Two women with black hair wearing flower leis standing in a store with a baby in a baby stroller.,sentence
Two women are standing in a store with a baby in a blue stroller.,sentence
Two women and a baby in a stroller in front of a store.,sentence
A picture of some people and a baby in a store.,sentence
Three people on bikes racing through the orange cones.,sentence
Three bicyclists race around a curve.,sentence
Three bicyclists turn on a curve.,sentence
Men race their bikes on a road.,sentence
"A man in a purple shirt is doing a dance move that is very low to the floor, the audience looks on with enjoyment.",sentence
A man in a purple shirt is bending over backwards at the waist while a group of barefoot onlookers clap.,sentence
A young man wearing a purple shirt does the limbo in a gymnasium.,sentence
Onlookers clapping as a man dances on a gymnasium floor.,sentence
"A woman in a black shirt holding a cherry pie on top of her head, the pie is still in the baking dish.",sentence
A woman in a black shirt proudly is holding up a freshly baked pie.,sentence
Woman balances a pie on her head and looks up into camera,sentence
A woman sporting a freshly baked pie on her head.,sentence
The soccer player in the checked shirt is moving the ball pursued by the players on the other team.,sentence
"Two boys soccer teams play, one boy goes after the ball.",sentence
Two teams of boys playing soccer.,sentence
Boys are playing soccer.,sentence
"Three men, two in black business suits and one in a black dress shirt are reviewing notes for a presentation.",sentence
Three men dressed in all black suits are reading from some notes.,sentence
The three men in black are standing in a row.,sentence
3 men wearing black attire are reading.,sentence
"Four women grouped together, three of them looking at the camera and one of them standing, in a backyard.",sentence
Four women sitting on green outdoor furniture on a patio with a small doghouse in the backdrop.,sentence
5 girls sitting around a green patio set outside on the deck.,sentence
Four women are on a porch.,sentence
"Two men in matching formal wear stand next to each other, smiling.",sentence
Two men both with dark hair wearing striped vests.,sentence
Two young men wearing matching clothing smiling.,sentence
Two guys are wearing matching uniforms.,sentence
"On wooden steps leading to a porch, a blond woman in denim shorts sits next to another person whose face is obscured by a baseball cap.",sentence
Two girls in shorts and T-shirts are laughing while sitting on wooden steps.,sentence
Two women in shorts sitting on the steps of an apartment or house.,sentence
"Two girls are sitting on the steps, and one girl is laughing.",sentence
A construction site with 2 guys on ladder and platforms performing ceiling repairs.,sentence
Three construction workers working on the interior of a building.,sentence
Three workers are performing their jobs while on scaffolding.,sentence
Construction workers on lifts working on a building.,sentence
Woman in pink and green tank top listens to a man in green carrying a blue backpack.,sentence
Man walking in front of Queen and Portland Lofts and Condominiums.,sentence
An arrow pointing at a man in a white hat who is walking by.,sentence
A man in a black and white dress is playing guitar.,sentence
A man performing on a guitar.,sentence
"Two men talking, leaning over a fence in front of a body of water.",sentence
Two men speaking while looking over the railings over a river.,sentence
Two men are leaning on the rail near the water.,sentence
Two men leaning on some railing at water side.,sentence
A lady brings a drink to a seated couple comprised of a woman wearing a long white dress and a man in a dark suit.,sentence
The bride and groom are getting served a drink at their wedding reception.,sentence
A newlywed couple speak with guests at their wedding.,sentence
Several people sit at a table in formal clothing.,sentence
Two people dressed in winter apparel venture out onto a frozen body of water.,sentence
Two girls are walking by a tree in front of a brick building.,sentence
Two people in winter coats walking down a road.,sentence
Two people are walking through some water.,sentence
A young group of friends adorned with face paint and feathered headbands sit on a bench.,sentence
Teens dressed as Native Americans sit in the park with their school bags on the ground.,sentence
Five young women sitting on a green bench wearing headbands with feathers in them.,sentence
Five young girls with backpacks sitting on a green park bench.,sentence
A parade of men hold red and yellow flags as they wave them proudly.,sentence
A group of people is parading with red and yellow flags.,sentence
A group of men in white uniforms are waving flags.,sentence
Some expats celebrate and wave red flags.,sentence
A woman wearing a red and black striped dress is standing next to two women on a sidewalk.,sentence
Teenage girls are gathered near a wall in a city.,sentence
Three younger women sit outside and have a chat.,sentence
Young women talking on the street.,sentence
A family is standing in front of a silver car in a metro area.,sentence
A couple with a small child is standing on a busy street.,sentence
Two adults and a child wait to cross a street.,sentence
Musician plays a white electric guitar with a band at an outdoor concert,sentence
Person doing bicycle jump,sentence
Boy in midair on bicycle,sentence
"The tiny girl dressed in a butterfly ballet costume, waves her wand near a nutcracker statue.",sentence
Young girl waving turquiose leotard and pink tutu with wings waving wand.,sentence
A person is doing tricks on a bicycle in a city.,sentence
Man standing on a bike downtown.,sentence
A man on a bicycle in the city.,sentence
Two people walking on the street with lots of bare trees around and snow on the ground.,sentence
Two adults walking in the street in a suburban area,sentence
Two people walking on a street with barren trees.,sentence
Two people walking across a street.,sentence
"At night, a kid in a white shirt rides the rails on his skateboard.",sentence
Men flee a bull during a bull-riding competition.,sentence
A bull charging at a bull rider in a live rodeo.,sentence
Three boys in rollerblades sitting by a brown wall while the other boy skates on the wall.,sentence
Three helmet-wearing roller-blading children are next to a skating young adult.,sentence
Group of rollerskaters in a skate park.,sentence
Kids watching a man skating.,sentence
DHL employees posing for a company photo in front of their business.,sentence
The staff of a DHL pose outside of the building for a group photo.,sentence
A group of DHL employees pose in the parking lot for a photograph.,sentence
A group of employees are posing for a photo outside of a building.,sentence
An elderly man and woman are sitting on lawn chairs holding onto the leash of a brown dog.,sentence
Some people in a park with a dog and folding chairs.,sentence
People sitting in chairs while dog lies in grass,sentence
People sit in chairs at a park with a dog.,sentence
Person wearing a helmet on a four wheeled bike in air,sentence
A man riding an ATV makes a jump over a dirt road.,sentence
A racer on an ATV leaves the ground in a jump.,sentence
A man driving a four-wheeler off-road.,sentence
"There are five white individuals on a stage in a line, the outer four are looking inward toward the middle individual who has a beard.",sentence
A group of people sitting in a semicircle are talking into microphones.,sentence
Older gentleman and woman sitting around debating topics.,sentence
Five people taking part in a discussion on a stage.,sentence
A blond-haired man with glasses and a blank tank top is sitting next to another man with glasses and headphones while sitting on a train.,sentence
A blond man wearing glasses is sitting in the train looking down at something.,sentence
White man with glasses sitting next to another man who has earphones in.,sentence
A 30 somethings man playing with his phone on a subway train.,sentence
Many people are sitting at wooden tables overlooking snow covered mountains.,sentence
A large group of people with snow covered mountains in the background.,sentence
A group of people sit outside a restaurant at a ski lodge.,sentence
People dine outdoors at a lodge on a snowy mountain.,sentence
"A marathon runner wearing a numbered bib is running up a two lane street, trailed by a car and motorcycles as spectators holding umbrellas look on.",sentence
"In the pouring rain, a marathon runner smiles big as he approaches groups of bystanders, as the pace car drives along behind him.",sentence
"A young, black male athlete in a red uniform is running a race on a road in the rain.",sentence
There is a jogger jogging on a road with a car and motorcycles following him.,sentence
Three small children are playing with a yellow toy on a tiny green table.,sentence
Three children are playing with a yellow toy on a green pillow.,sentence
Three children playing with a bright yellow toy.,sentence
Three children play with a toy.,sentence
A woman wearing a yellow and white outfit is exiting the vehicle while using city transportation.,sentence
Several people are sitting or standing in a public transportation vehicle,sentence
People sitting or standing on a bus.,sentence
Some people in a subway train.,sentence
Two people riding horses in a competition with other people on horses in the background.,sentence
Two people are riding horseback in a field with a group of people far behind them.,sentence
"Two people, each on a horse, riding English style in a competition.",sentence
Two people in jockey outfits are riding horses in a field of grass.,sentence
A large dog and a small one walk with their toys.,sentence
Two dogs playing outside near the water.,sentence
Two dogs play with each other outdoors.,sentence
Two dogs walking with their toys.,sentence
"The lady with the red-hair, blue, orange, and maroon jacket is getting photographed by a woman wearing a blue sweater in front of a clothing store, judging by that mannequin.",sentence
"Many people busily working, watching a presentation, or talking to each other.",sentence
A woman in a pink v neck shirt is typing on a keyboard plugged into a laptop.,sentence
"As others wait outside the public building for the doors to open, one young Irish dancer practices her jig.",sentence
A girl outside a building dressed in crazy clothes jumping in the air.,sentence
Skipping gets me (and my rat tail) to work Faster!,sentence
A young girl skips in the middle of a crowd.,sentence
"Cheerleader on top of a cheerleading pyramid, girls are looking up at her one is in the background doing the same cheer.",sentence
A group of cheerleaders are lifting up two other cheerleaders above their heads.,sentence
Cheerleaders dressed in red and black hold two cheerleaders above their heads.,sentence
Someone is laying in front of the TV eating food.,sentence
A television with a picture of a girl on it.,sentence
A man with a bowtie made out of a dollar and wearing glasses is looking into the camera.,sentence
An old man wearing a green bowtie and glasses looking toward the camera.,sentence
A man with a bowtie looks at the camera with no expression.,sentence
A man wearing glasses and a green bowtie.,sentence
A man in a black shirt and gray pants holds his luggage at what appears to be an airport.,sentence
A man wearing a black short-sleeve shirt is waiting in line with his luggage.,sentence
An Oriental traveler awaits his turn at the currency exchange.,sentence
Man in black shirt waiting with luggage.,sentence
"Several people, including a man in a pink and black striped shirt who is taking a picture of something off-camera, are in a city park.",sentence
A man wearing a pink shirt with stripes on it is taking a picture while a man wearing an orange shirt is looking at him.,sentence
A man wearing a striped pink shirt is taking a picture.,sentence
A man at a park is taking pictures.,sentence
Three women and a man in a green shirt are watching the water on a boat.,sentence
"Four people, three girls, one boy, are in a boat.",sentence
Four people riding in a boat on the water.,sentence
A group of children ride in a boat.,sentence
The large brown dog is running through the grass to catch a red Frisbee.,sentence
A brown dog is chasing a red Frisbee across a grassy field.,sentence
A dog surrounded by trees runs to catch a Frisbee.,sentence
A dog runs for a red Frisbee.,sentence
A white dog wearing a red tag with brown on the left side of its face is jumping into the water.,sentence
A white dog with brown marks jumps from the bank into the water.,sentence
A white dog is running into a river.,sentence
A white dog runs into a lake.,sentence
"One woman holds a pen, about to write on a piece of paper held by another woman.",sentence
Two woman marking a paper while standing in a crowd of people.,sentence
Two women with short hair are discussing something.,sentence
Two woman are reviewing a paper.,sentence
A dog's mouth opens to expose its sharp teeth.,sentence
Two dogs play with each other on a wood floor.,sentence
Two dogs play on the wooden floor inside.,sentence
A dog tries to bite another dog.,sentence
A teenage boy in rides a hand-railing on a skateboard outside a columned brick building.,sentence
A boy in a blue and white tie dye t-shirt is skateboarding on the railing of a building.,sentence
A boy in a tie dyed shirt is riding a skateboard down a railing.,sentence
A skateboarder goes down a stair railing.,sentence
"Woman wearing a black sunhat, black dress and black Ugg clogs, walking in a city square.",sentence
A young woman dressed in black walking on pavement in front of a lake,sentence
A woman in a black dress walking by the water.,sentence
An oriental girl walking in front of water.,sentence
Two brown dogs are playing with each other in the snow.,sentence
Two dogs playing or fighting in the snow.,sentence
Two brown dogs play in the snow.,sentence
Two dogs playing in the snow.,sentence
A Quattro crane is operating during the train station construction.,sentence
A piece of heavy machinery unloads something from a train car.,sentence
A construction crew working at nighttime.,sentence
A large crane lifting an object.,sentence
An construction worker in a lime-green safety vest and orange hard hat is looking closely at something held in his hands.,sentence
A construction worker looking at his cup of coffee.,sentence
The construction worker has on an orange hard hat.,sentence
A construction worker on the job.,sentence
A black and white dog jumping out of the water and a brown dog shaking off.,sentence
A brown dog and a black and white dog stand beside a hole in the dirt.,sentence
Two dogs are shaking themselves dry on the path next to the water.,sentence
Two dogs are shaking water off.,sentence
The skateboarder in the white t-shirt is riding on a wooden ramp.,sentence
A skateboarder hits a curve at the top of the skate park.,sentence
The man in a white shirt is skateboarding.,sentence
A man is skateboarding up a ramp.,sentence
A toddler sits on the floor amid a floury mess that he has created with his hand still in the flour container.,sentence
A toddler sits on a white rug and plays with a cup of flour.,sentence
A child is playing in with paint in the kitchen.,sentence
A little boy play with flour on the floor.,sentence
The man sitting seems to be reading while waiting for the bus while the people in the background seem to blend in with the landscape.,sentence
The old man is sitting alone in the park possibly eating a snack or lunch.,sentence
Two girls sit on a wooden floor huddled next to each other.,sentence
Two girls are sitting on a wooden floor.,sentence
The two friends are having fun.,sentence
Three men sitting on a couch and eating food while beers lay on the table.,sentence
Three men are sitting on a sofa having a casual meal at the coffee table.,sentence
Three males are sitting on a sofa with beers on a table in front of them.,sentence
Three men eating food on a couch.,sentence
Six casually dressed people watch from the comfort and protection of a wooden rail while a restaurant employee stands in the background.,sentence
A group of six people are standing next to a white fence.,sentence
Six people stand at the railing at the El Tambor.,sentence
Crowd of people standing near a bench.,sentence
The operator of an ice cream truck standing in the window of his truck looking at something to his right through the open window.,sentence
Tattooed guy in a white shirt looking out of a Ice cream truck window.,sentence
An ice cream truck driver stares out the truck window.,sentence
A man stands in a white ice cream truck.,sentence
People are playing instruments next to a piano while a person in a white coca-cola shirt watches.,sentence
"A fun jam session with guitarist, drummers and piano mover elderly man to dance away.",sentence
People playing musical instruments in a building.,sentence
A band practicing with viewers.,sentence
An African American woman sitting on a seat holding her purse talking on her cellphone.,sentence
An African American woman is sitting on a bench talking on her cellphone.,sentence
A girl in a black jacket talking on a cellphone.,sentence
A woman sitting down talking on the phone.,sentence
A group of people are disembarking from a boat at a harbor on a bright sunny day.,sentence
People stand on boat dock waiting for their boat to arrive.,sentence
A crowd next to a lake on a port next to a boat,sentence
Many people stand on a dock near a boat.,sentence
Small child in lavender coat flips through a paperback book while sitting on a multicolored bench in front of classroom supplies.,sentence
In the snow a person on a board traverses down a concrete wall beside bleachers.,sentence
The yellow dog is running next to a bush on a path in the grass.,sentence
A beige dog runs through the shrubbery toward the camera.,sentence
A blond dog runs down a path next to a rhododendron.,sentence
The dog is running through the yard.,sentence
A little girl is eating cake and strawberries at a wooden table.,sentence
A girl wearing a halter top eats cake at a table.,sentence
The little girl is eating outdoors.,sentence
A little girl holds up her plate.,sentence
"Four women grouped together, three of them looking at the camera and one of them standing, in a backyard.",sentence
Four women sitting on green outdoor furniture on a patio with a small doghouse in the backdrop.,sentence
5 girls sitting around a green patio set outside on the deck.,sentence
Four women are on a porch.,sentence
People in a bounce house shaped like a castle with several people sitting and watching.,sentence
A large grassy field with a children's jumping castle.,sentence
Two boys bounce in a castle shaped bounce house.,sentence
Kids play in a blow up playground.,sentence
A man wearing a coat and floppy hat pushes a blue shopping cart full of bags.,sentence
A homeless man pushes an overfilled plastic blue shopping cart.,sentence
Old man in a dark coat pushing a cart filled with sacks.,sentence
A man pushes a shopping cart full of aluminum cans.,sentence
A heavyset couple sitting in lawn chairs on the grass with a brown dog at their feet.,sentence
Some people in a park with a dog and folding chairs.,sentence
People sitting in chairs while dog lies in grass,sentence
People sit in chairs at a park with a dog.,sentence
A dog standing up on two legs with something in his mouth.,sentence
A dog is jumping up in the air to catch a toy.,sentence
Dog jumping up with something in its mouth.,sentence
A blurry dog inside on a carpet.,sentence
A bald policeman is walking with a German shepherd dog by a metal crowd control barrier.,sentence
A policeman walks away from a gate with a large brown and black dog.,sentence
The policeman walks with his German shepherd.,sentence
A policeman is next to his German shepherd.,sentence
A young girl with long brown hair holding a black and red striped stick.,sentence
A soft focus picture of a little girl wearing an orange sweater.,sentence
A girl wearing an orange shirt holds onto poles and looks down.,sentence
The girl in the red shirt smiles on the swing.,sentence
A boy in a red hooded-coat is riding a pool broom like a horse in an empty pool.,sentence
The child in raingear is dragging a broom through a puddle.,sentence
A little kid in a red jacket riding a broom like a horse.,sentence
Boy in raincoat straddle stick outside.,sentence
A man in a hooded sweatshirt and a black hat with the words 'probuilt' stitched across is using a handsaw on wood for a construction project.,sentence
A skillful construction worker sits high on a ledge while using a circular saw to trim wood to the precise size.,sentence
A man is making a cut on a piece of board with an electrical saw.,sentence
A man performing dangerous job duties.,sentence
"A girl in a blue dress stands on a wooden plank that's affixed to a tree, staring downward while maintaining her balance.",sentence
A little girl in a blue dress climbing on some old wood.,sentence
A little girl ventures on a collapsed tree house.,sentence
A young girl climbs the supported tree.,sentence
Two older women in bathing suits are intrigued by a man walking down the stairs with a white parachute over his head.,sentence
Two women in bathing suits watching people on the steps with a huge white bubble.,sentence
Two women in swimsuits by a bench are staring up at a giant white balloon.,sentence
Old people sitting on a bench staring at a odd shaped balloon.,sentence
A little girl in a red jumpsuit is posing in a tree she has climbed.,sentence
"A young, blond girl is sitting in a tree in a snowy environment.",sentence
"This girl is clad in a red snowsuit, climbing a tree.",sentence
Little girl in a tree during the winter.,sentence
A cowboy at a rodeo is roping a cow while riding a horse.,sentence
On horseback a man attempts to rope a young bull.,sentence
A cowboy is roping a steer while riding a horse.,sentence
A man on a horse lassos a cow.,sentence
A Little boy in a red striped shirt on a blue couch pulling out all the pillows.,sentence
A young boy is inside a couch cushion with stuffing hanging out.,sentence
A little boy in a plaid shirt looks up as he lays on a blue sofa,sentence
A child is sitting on a couch with a ripped cushion.,sentence
"An old woman wearing a pink, floral dress is walking while holding a magazine under her arm.",sentence
An elderly woman wearing a pink floral dress carrying some magazines.,sentence
An elderly woman dressed in pink is walking and clutching a magazine.,sentence
An elderly woman in a pink dress carrying a magazine.,sentence
A man in a white t-shirt is walking past 2 graffiti paintings on the wall.,sentence
Man in light shirt and blue jeans walking by graffiti.,sentence
Man running next to artwork wall.,sentence
A man walking down the street.,sentence
Three men all dressed in red shirts and jeans are sitting in front of a building enjoying some beers.,sentence
"A group of three bald men in red sitting on a railing, smoking and talking.",sentence
Three bald men wearing red look on.,sentence
Three guys are wearing red shirts.,sentence
There is a performance with a man in a t-shirt and jeans with a woman in all black while an audience watches and laughs.,sentence
"A woman dressed in jeans and a shirt, auditioning for a play, while a man waits for his turn.",sentence
Small child in lavender coat flips through a paperback book while sitting on a multicolored bench in front of classroom supplies.,sentence
"A black girl in a purple jacket is looking at a book, as she sits on a colorful chair.",sentence
A very young female is sitting and looking at a book she is about to open.,sentence
A female child turns the page of a book while she sits on a colorful stool,sentence
A tan dog and a black dog fighting inside a fenced yard.,sentence
Two dogs biting each other playfully while jumping,sentence
A German shepherd and a tan dog are fighting.,sentence
A brown dog is biting a black dog.,sentence
"Skateboarding wearing black pants, a white shirt, and a blue hat performing a skateboarding trick while three spectators look on in the background.",sentence
"A man is skateboarding in a park, and he is on a wall, and there are other skateboarders in the background.",sentence
A skateboarder is perfecting his trick on a wall.,sentence
A skateboarder grinds on a cement obstacle.,sentence
"An Asian girl makes a surprised face while wearing a shirt that says ""Radio""",sentence
An asian girl looking surprised in front of a brick window,sentence
Girl wearing radio t-shirt has open mouth,sentence
A lady looks surprised.,sentence
"Two men, one younger than the other and wearing glasses, sit on the beach in shorts and read magazines.",sentence
Two people on the beach reading a magazine.,sentence
Two men sitting in sand reading magazines.,sentence
Two men are sitting in the sand reading.,sentence
A man with long dreadlocks is stopped by two men in blue uniforms.,sentence
A police officer is talking to a tall man with dreadlocks.,sentence
A man with long hair getting stopped by security guards.,sentence
Tall man being stopped by an officer.,sentence
A lady with a red T-shirt is sitting in a green chair and talking while using her laptop.,sentence
Brunette woman wearing a red t-shirt lounging outside with a laptop on her lap.,sentence
Man wearing a cowboy hat riding a horse.,sentence
A little girl with a flower on her swimsuit stands on a lake-beach while others frolic in the background.,sentence
A young girl in a swimsuit stands silently on a small beach.,sentence
A little girl on the beach with a shovel in hand.,sentence
Little girl standing in sand at the beach.,sentence
A girl with frizzy red-hair under an army cap and thick white rimmed glasses smiles as she paints a very colorful abstract painting on the beach while surrounded by other beach goers.,sentence
A girl wearing a tan shirt and blue shorts smiles while painting.,sentence
The lady is creating a painting outside.,sentence
A woman painting at an outdoor festival.,sentence
"3 men on a boat at sea, with multiple seagulls in the background.",sentence
The gentlemen are on the boat deck relaxing.,sentence
These fisherman are on a boat out to sea.,sentence
Several men are outside on a boat.,sentence
A young child smiling while on a swing at a playground.,sentence
The small child is leaning back in a child swing.,sentence
A blond boy in green is on a swing.,sentence
Toddler boy smiling while in a swing,sentence
Police and the crowd look on in Asia.,sentence
Child running on a sidewalk.,sentence
"As the camera looks out from a car window, men put out a fire in a pickup truck by the side of the road.",sentence
A man running to help a car from burning after a hot sunny day in Grand Canyon.,sentence
A fireman douses a red truck that is smoking as a police officer approaches.,sentence
There is a truck on fire.,sentence
"Two men, one in a suit jacket and the other in a sweatshirt, are talking at a party.",sentence
Two men are standing in a group appear to look at something.,sentence
Two men in a group of people looking down at something.,sentence
People gather together in an art gallery.,sentence
Blond-haired girl in pink dress with blue striped hula-hoop swinging around her neck.,sentence
A little girl in a pick dress hula hoops with her neck outside.,sentence
A girl wearing a pink dress swings a hula hoop around her neck.,sentence
Blond girl paying with a hula hoop.,sentence
People gathered around an olive vendor at a farmers market.,sentence
Many people outside at a busy street market,sentence
Two women with black hair wearing flower leis standing in a store with a baby in a baby stroller.,sentence
Two women are standing in a store with a baby in a blue stroller.,sentence
Two women and a baby in a stroller in front of a store.,sentence
Two women with black hair wearing flower leis standing in a store with a baby in a baby stroller.,sentence
Two women are standing in a store with a baby in a blue stroller.,sentence
Two women and a baby in a stroller in front of a store.,sentence
A picture of some people and a baby in a store.,sentence
A woman in a brown jacket and jeans is kneeling on a brick road while taking a picture of another woman posing.,sentence
A woman crouches and takes a picture of another woman holding her hand to her head.,sentence
A girl posing on a open stone walkway for a picture taken by a friend.,sentence
A woman kneels to take a photo of another woman in an open plaza.,sentence
"Two toddlers, one wearing purple, and the other wearing white, sit before each other on a wood floor.",sentence
A blond baby is watching a dark-haired baby chew on a blue toy.,sentence
Two babies are sitting on the floor facing each other.,sentence
"Two babies looking at each other, one with a toy.",sentence
"A little girl wearing a pink, yellow and white bathing suit, gets wet from a splash of water.",sentence
The young girl enjoys the day in her swimsuit while splashing playfully in the water.,sentence
Little black girl in a swimming suite is being sprayed by a water fountain.,sentence
A black girl being splash in water.,sentence
Two little girls are sitting in a sandpit next to a row of sand castles.,sentence
Two young girls making upside down cupcake shapes in the sand.,sentence
Two little girls make sandcastles in a sandbox.,sentence
Two girls play in a sand box.,sentence
A group dressed in wintery attire of people on a sidewalk in Washington D.C.,sentence
A crowd of people views newspaper covers in Washington D.C.,sentence
A crowd of people in front of a memorial in Washington DC.,sentence
Lots of people gathering in a line.,sentence
"A group of six caucasian men are standing on scaffolding laughing, drinking water, and taking pictures.",sentence
A group of people are gathered on a scaffold at some sort of event.,sentence
Some men are standing on scaffolding.,sentence
Men wave from scaffolding.,sentence
"Two children in a balloon that lets them walk on water, having fun on a sunny day.",sentence
These kids are testing out the new balloons allowing them to walking over water.,sentence
Two boys in huge bubbles on the water.,sentence
Cannot see picture to describe.,sentence
A little blond-haired girls peers at the camera through the leaves on the tree that she sits on.,sentence
A young girl looking down through some leaves from atop a tree.,sentence
A little blond girl with a pink coat hides in a tree.,sentence
The young girl happily plays in the tree.,sentence
"Four people gather around a food truck, two sitting and two standing near the condiments table and a trashcan.",sentence
A woman in a pink sweater sitting next to a man in a white windbreaker in front of a mobile food van.,sentence
Two people are sitting down next to a white van and eating.,sentence
A small group of people are visiting each other outside.,sentence
A couple in their wedding attire stand behind a table with a wedding cake and flowers.,sentence
A bride and groom are standing in front of their wedding cake at their reception.,sentence
A couple stands behind their wedding cake.,sentence
Man and woman cutting wedding cake.,sentence
A film crew documents a female track-and-field athlete in the act of throwing a javelin.,sentence
A female is throwing a javelin while a cameraman records her.,sentence
Cameramen filming an athlete throwing a javelin.,sentence
A woman is throwing a javelin on a pink track.,sentence
Two woman marking a paper while standing in a crowd of people.,sentence
Two women with short hair are discussing something.,sentence
A woman reading and signing a paper.,sentence
Two woman are reviewing a paper.,sentence
"The person wearing shorts and a shirt is jumping off a dock, into the water.",sentence
A man jumps off of a dock and into the water.,sentence
A person jumping off a dock into water.,sentence
Person jumping into the water.,sentence
A woman in white makeup and a purple dress sits in a folding chair on the curb.,sentence
A man dressed as a woman wearing face paint sitting next to another man.,sentence
Man in purple dress and makeup sits next to normally dressed man.,sentence
A man sitting awkwardly by a masked woman.,sentence
The man sitting seems to be reading while waiting for the bus while the people in the background seem to blend in with the landscape.,sentence
A calm street corner with a man sitting on a stool looking at something on a small platform.,sentence
A man is sitting down and drawing on a public street.,sentence
A man on a street corner works on a drawing.,sentence
A young red-haired child is about to take a bite of a blue frozen snack.,sentence
A group of little kids enjoy sandwiches and a slush at a picnic.,sentence
Three children enjoying treats at an outdoor event.,sentence
Children are eating various stuff at a park.,sentence
"Two men standing, both in shorts, in a crowd of others outside on the grass, some sitting and some standing.",sentence
Two men in black shirts are standing outdoors near a few other people in the grass.,sentence
Two men are waiting in line at a park where other people are seated on the ground.,sentence
Two older men are walking through a crowd.,sentence
"Four people gather around a food truck, two sitting and two standing near the condiments table and a trashcan.",sentence
A woman in a pink sweater sitting next to a man in a white windbreaker in front of a mobile food van.,sentence
Two people are sitting down next to a white van and eating.,sentence
A small group of people are visiting each other outside.,sentence
People are walking down a street near a subway opening.,sentence
People milling around on corner of city street.,sentence
People walking outside a transport station.,sentence
A man wearing a red boxing uniform throws a punch with his right hand as a man wearing blue boxing gloves and headgear blocks the punch.,sentence
"A boxer wearing red is punching a boxer wearing white and blue, while both men are wearing boxing gear.",sentence
A boxer in red with an intricate tattoo gives his opponent a right hook to the head.,sentence
Two men are duking it out in a boxing ring.,sentence
A man with glasses and red facial hair tells a story to two smiling men.,sentence
A bearded man with a hat and glasses talks while two other men listen.,sentence
Three men were involved in a light hearted discussion.,sentence
Man in black baseball cap talking to two other men.,sentence
Many people are gathered on the side of a road with camera watching whatever is oncoming.,sentence
A crowd of people behind the fence waiting with cameras ready for something approaching.,sentence
"A group of people are standing behind a fence, many are taking photographs.",sentence
Police and the crowd look on in Asia.,sentence
People congregate on a platform in a river among decorated boats.,sentence
People are gathered on a platform in water for a ceremony.,sentence
A group of people waiting to ride boats.,sentence
People wait to board boats.,sentence
People are walking on the sidewalk along the parking lot in front of a home improvement store.,sentence
Three people are picking up trash in front of a restaurant.,sentence
People taking a walk on a path in a shopping center.,sentence
A couple walking on a sidewalk along a strip mall.,sentence
A woman in blue shorts and white shirt holds a tennis racket on a blue tennis court.,sentence
A woman in a white top and blue shorts is playing tennis.,sentence
Woman in a white shirt and blue shorts playing tennis.,sentence
A blond woman wearing glasses is playing tennis.,sentence
A man with gray hair and a blond woman sitting on the same side of a table with bikes in the background.,sentence
"A man and woman at a table, the woman has a cup with drink in front of her.",sentence
There's a lady with her hands on her face and a guy sitting at a table.,sentence
A woman in a red sweater is sitting next to a man at a table outside.,sentence
A young man and woman in shorts and t-shirts are playing a video game.,sentence
A man is sitting in a chair and a woman is sitting on a floor.,sentence
Man and woman playing a video game in the living room.,sentence
A couple sitting and playing Nintendo.,sentence
A woman stands on a concrete block taking a picture of a group of people on a sidewalk beside the road.,sentence
A person standing on a pillar taking a group photo.,sentence
A group of people outside having their picture taken,sentence
A group of people having their picture taken.,sentence
"Two uniformed police officers are holding large guns, while an older man sits on the stairs, holding his hat and looking on.",sentence
Two armed police officers are patrolling the streets.,sentence
Three skateboarders are in a park.,sentence
A large black dog runs along a fence in the grass.,sentence
A dark brown dog is running along a fence outside.,sentence
A black dog is looking through the fence.,sentence
A brown dog runs along a fence.,sentence
Two cowboys ride their horses and they work together to catch the bull.,sentence
Three cowboys on horses work together to rope a calf.,sentence
A rodeo is going on with cowboys riding and roping.,sentence
The people are horseback riding.,sentence
A young man with his back to the camera is being watched by youths sitting at two picnic tables before a backdrop of grass and trees.,sentence
A teenage boy in a white shirt is speaking to a group of teenagers who are sitting at picnic tables in front of a park.,sentence
The man is gesturing towards the young adults who are sitting on park benches in front of a landscaped background.,sentence
A man talks to a group of people who are sitting on picnic tables.,sentence
Several people are standing in a crowded urban environment.,sentence
A little girl in a walker that looks like she may be up to no good.,sentence
"Cute little girl, with a pink hair bow her orange stroller.",sentence
A very young female child is smiling at a camera outdoors.,sentence
Baby in a rolling harness in the grass.,sentence
"A boy in a red plaid button-up shirt playing a guitar, with another boy playing an orange bass behind him, and another person playing a drum set.",sentence
"Two men rehearsing, one wearing a checker broad sweater and the other playing a orange guitar.",sentence
A group of young adults come together to perform song complete with drums and a guitar.,sentence
Young men perform in a band indoors.,sentence
Three men in white shirts dance and sing on a stage as a group of women watch from the sidelines.,sentence
Three adult men in a row with their arms around each other and seem to be singing.,sentence
Three men are standing on stage performing.,sentence
Friends having fun out for the night.,sentence
A person dressed in brown and gray walks down a long street lined with yellow-walled buildings with tiled roofs.,sentence
A man walks down an alley between cream colored houses.,sentence
A man is walking down a narrow street.,sentence
Man in black walking up a sidewalk.,sentence
A boy in a diaper jumps onto a bed with a striped covering and red pillow in a room with toys and a chair.,sentence
A boy in a diaper jumping onto a couch.,sentence
Young boy jumping on to his bed.,sentence
A child jumps onto a bed.,sentence
A shirtless man in black shorts is standing on the rocky shore to a large body of water.,sentence
A shirtless young man in black shorts stands on the rocks staring at the water.,sentence
"A man on a rocky beach, wearing a black bathing suit, staring at the water.",sentence
"A man wearing long, black shorts stands in front of a body of water.",sentence
"Two men of southeast Asian descent are sitting Indian style on a bamboo floor, playing chess while two young boys watch in the foreground.",sentence
Dark-skinned native men play chess while seated on the ground.,sentence
Several men are watching and enjoying a game of chess.,sentence
Two guys are sitting playing chess.,sentence
"A woman and a child sit together in a door frame along a gray sidewalk, as a man and two women walk past.",sentence
A man in a leather coat is walking down a brick sidewalk next to a woman wearing a colorful blue dress.,sentence
An old woman in a blue dress and a young child sit in a doorway while others walk by.,sentence
People walking a sitting in the city streets.,sentence
"Two men, one holding a white cup and the other holding a phone, stand inside a room during the daytime.",sentence
Two elderly men standing in front of a projector pull-down screen.,sentence
Two men in a classroom in front of a white screen.,sentence
Two older men in gray jackets.,sentence
"2 young childern in bathing suits and goggles, wearing swimsuits and sand toys playing on a bed.",sentence
Two young girls wearing swim goggles are sitting on a bed.,sentence
Two children are on a bed while playing with some toys.,sentence
The two babies wearing eye glass,sentence
"A young man wearing shorts, sandals, and a red shirt, stands next to a downed tree, blocking a path.",sentence
A man in a red shirt calling someone while a tree is down on the pavement.,sentence
A man in a red shirt looks at a fallen tree.,sentence
A man observes tree that has fell down.,sentence
"Woman playing tennis in a white outfit and white shoes, with 2 men watching from the sidelines.",sentence
A woman in a white tennis outfit has just performed a tennis serve.,sentence
A tennis player in a white outfit hits a tennis ball.,sentence
Young lady in a tennis match.,sentence
Wolf-like dog chasing white wiffle ball through a green field.,sentence
A multicolor dog chasing after a ball across the grass.,sentence
A dog chases a Nerf ball in the grass.,sentence
Dog chasing after a ball on the grass.,sentence
A woman in a denim jumper and another woman in a navy blue jacket are overlooking a mountain range.,sentence
Woman in blue jacket and woman in denim outfit with a group on a mountain.,sentence
A group of people are standing on a cliff in the mountains.,sentence
A woman with a tissue in her hand.,sentence
"Two young females one in strip shirt and one in white shirt, both with jackets in hand walking down street.",sentence
Two women walking down the sidewalk in the city communicating with one another.,sentence
Two women on a city street are smiling at each other.,sentence
Two women walking down a busy city street.,sentence
"Four boys, one on a skateboard, one on a scooter, and two standing, are at a skate park on a ramp with a scary looking face graffiti on it.",sentence
"At a skate park one man skateboards, one rides a scooter and 2 men record the skateboarder from below and above him.",sentence
"Two uniformed police officers are holding large guns, while an older man sits on the stairs, holding his hat and looking on.",sentence
Two commandos with gun by a staircase and an old man holding a hat is sitting on the stairs.,sentence
A man sits on the steps next to two men with rifles.,sentence
An older man sits next to two armed guards on steps.,sentence
A large crowd of spectators and photographers stands behind a barrier while two police officers stand guard.,sentence
Many people are gathered on the side of a road with camera watching whatever is oncoming.,sentence
A crowd of people behind the fence waiting with cameras ready for something approaching.,sentence
Police and the crowd look on in Asia.,sentence
"Five musicians, a man and four women, practicing sheet music (using flutes ) in a living room.",sentence
"People gathered in a circle, some holding musical instruments.",sentence
People gathered in a room to talk about their favorite tunes.,sentence
Five people are sitting in a circle with instruments.,sentence
Two children are riding through snow on a sled-like frame.,sentence
Two young children RIF=ding sleds down the snow.,sentence
Two kids riding on sleds,sentence
One man sets up his pool shot during a tournament while onlookers watch.,sentence
Man with black vest lines up a shot on a blue pool table.,sentence
"A woman in an American military uniform sits at a table and writes the words ""sad,"" ""depressed,"" and ""hatred"" on a large sheet of white paper.",sentence
A woman in a US military uniform is writing on a large piece of white paper with a black magic marker while others are sitting at tables around her.,sentence
"At a table with her colleagues, a woman in a U.S. Army uniform fills in a chart.",sentence
United States military personnel working on a group project.,sentence
A person is sleeping on a sidewalk next to a wall and covered by a green blanket.,sentence
Man in a green jacket and moccasins sleeping on a blue blanket in the street.,sentence
A person is laying on a blue blanket on a street sidewalk.,sentence
A person bundled and head covered laying on the sidewalk.,sentence
"This is the picture of a woman in a flowered dress, toting something in a bucket.",sentence
A girl in a flowered dress is carrying a pink bucket down a path next to a fence.,sentence
A woman in a floral dress is carrying a bucket of water down a countryside path.,sentence
Woman carrying a bucket of water down a tranquil dirt path.,sentence
A young couple and many others out enjoying themselves at an outdoor street event.,sentence
A guy and a girl holding a drink are dancing in the street.,sentence
A man and a woman are dancing in the street.,sentence
Citizens participating in a local event.,sentence
Many people wait to eat dinner as the man at the head of the table says grace.,sentence
A group of seven people are eating at a table draped in a black tablecloth.,sentence
Several people are eating a meal outdoors at a restaurant.,sentence
Girls playing softball as one girl runs to a base and second girl reaches out her glove.,sentence
A person leans forward to catch a baseball while a runner comes close to the base.,sentence
Parents watch as girls play softball in a game.,sentence
Two girls are playing softball.,sentence
"Children at daycare playing on rings, and poles, one parent standing and holding her child and one teacher is sitting on the bench watching the others play.",sentence
A young boy in yellow t-shirt hanging from a ring with other kids around.,sentence
A child in a yellow t-shirt is playing in the jungle jim.,sentence
Children are playing at the playground.,sentence
Black man stands outside a building with a Van Wagner sign while wearing a blue suit and tan hat.,sentence
A Black male is beside a building with a sign on the building.,sentence
A man stands in front of a building wearing a hat and suit.,sentence
A black man in a suit standing next to a wall.,sentence
Six adults sitting at a picnic table with a woman in a yellow sweater talks to them.,sentence
Seven people are sitting at a picnic table with evergreen trees in the background.,sentence
A group of people are sitting together at a picnic table.,sentence
Young men and women sit at a picnic table in a park.,sentence
A woman with reddish hair talking to an old man by the waterside and beside a bench.,sentence
A woman standing on a rock and a man standing there and talking to her.,sentence
They are having a stirring conversation amongst nature.,sentence
2 people standing outside by a lake.,sentence
The cyclist is airborne on his bike as it makes a jump between two mounds of earth.,sentence
Brown ramp structure with a person on ski's in midair.,sentence
Woman jogging down a mountain trail with mountains in the background.,sentence
A woman in yellow shir and black shorts is running along.,sentence
A female runner running alone near a mountain.,sentence
Many people are standing around at an intersection in front of a white building.,sentence
Street in Europe where a group of men are sitting on their motorcycles.,sentence
Several men are talking on a street corner.,sentence
A crowd of people on a busy street.,sentence
The man falls into the water while his paddle flies and his kayak tips.,sentence
Man kayaking losing his paddle and falling out of the boat.,sentence
A man is falling out of his kayak as his paddles go flying.,sentence
A man falls out of his kayak.,sentence
Older gentlemen is playing guitar while wearing vans shoes.,sentence
Man with orange dyed hair playing an electric guitar.,sentence
Children are dressed in vibrant colors.,sentence
Six adults sitting at a picnic table with a woman in a yellow sweater talks to them.,sentence
Seven people are sitting at a picnic table with evergreen trees in the background.,sentence
A group of people are sitting together at a picnic table.,sentence
Young men and women sit at a picnic table in a park.,sentence
A person wearing a green and white shirt with a white hood is sitting outside on the steps of a large building while another person is lying down a few steps higher.,sentence
"Two men in hoodies loiter on the steps of an imposing looking public building next to a statue of a man and a lion,.",sentence
Guy in a green shirt sitting on stairs in front of a statue of a lion and a man.,sentence
"One male wearing a blue jacket is singing, while another male wearing a white shirt is playing a tambourine and singing, and a third male also wearing a white shirt is playing a keyboard.",sentence
"Three musicians standing on a stage, one is playing an instrument with a keyboard and the other two are singing into microphones.",sentence
Two musicians and a singer are on a stage performing a song.,sentence
A three-man band performs.,sentence
"A girl in a green knit cap stands ready to push a sled, with a little boy behind her.",sentence
Two children are riding through snow on a sled-like frame.,sentence
Two young children RIF=ding sleds down the snow.,sentence
Two kids riding on sleds,sentence
Girls playing softball as one girl runs to a base and second girl reaches out her glove.,sentence
A person leans forward to catch a baseball while a runner comes close to the base.,sentence
A first baseman makes a catch as a runner comes up.,sentence
Parents watch as girls play softball in a game.,sentence
"Four asian children, three girls and one boy, sit behind a volcano diorama.",sentence
Three asian girls and one asian guy sitting in front of a volcano project,sentence
Four school aged children are sitting in front of a model volcano.,sentence
Four students are sitting on the floor by a model volcano.,sentence
People are walking around and a woman leans on a baby carriage while a large crowd is seen in the background.,sentence
A group of people are walking around a crowded area with dirt on the ground.,sentence
A crowd enjoying a beautiful day at a park possibly on a famous holiday.,sentence
A blond man looking rather lost at a music festival.,sentence
Two dogs are playing in a grassy field in a park with a lake in the background.,sentence
Two large dogs run in green grass with water in the background.,sentence
Two dogs are playing in a grassy field,sentence
Two dogs play in a field.,sentence
A man with a Frisbee and a dog in the air with a Frisbee in his mouth.,sentence
"The man and dog, which is leaping into the air, are playing Frisbee.",sentence
A man plays Frisbee with his dog.,sentence
Small dog catching a Frisbee.,sentence
A woman is standing on a road.,sentence
Two people in red traditional Chinese garb are performing with sticks,sentence
Two men in red robes performing martial arts.,sentence
Two men in magenta costumes performing.,sentence
Two people dressed in pink.,sentence
Two men are on a beach bending down with one foot and one arm in the air at the same time.,sentence
Two shirtless men practicing Capoeira on a beach with water in the background.,sentence
2 men practicing some form of martial arts on the beach.,sentence
Two men exercise on the beach.,sentence
"A woman is sitting at a desk on her computer, and other people are behind her with laptops in front of them as well.",sentence
A woman on the side of the picture typing on a keyboard with a laptop computer in front of her.,sentence
"Many people busily working, watching a presentation, or talking to each other.",sentence
Older couple is covered in shadows by a bridge.,sentence
Two elderly people in a dimly lit area.,sentence
People are walking down a street while a man reads a newspaper on the sidewalk.,sentence
Black dog amid white animals in the field.,sentence
A dog looking over the backs of sheep.,sentence
A woman and a man with tattoos on the upper area of both of his arms having fun on the sidewalk with a few streamers around them.,sentence
A girl with blond-hair is connected to ribbons of many colors and is enjoying some sort of celebration.,sentence
"Several women are wrapping themselves up in pink, blue and white ribbon.",sentence
Girl tangled in multicolored bands on tracks.,sentence
"A young girl is embraces by someone dressed as the Disney Character, Stitch.",sentence
"A girl poses with the Disney character Stitch, who is wearing a flower lei.",sentence
A young girl is hugging someone dressed in a Stitch outfit.,sentence
A little girl hugs a performer in a Stitch costume.,sentence
Six children are wearing burlap sacks and having a potato sack race.,sentence
Boys and girls of various ages participate in a potato sack race.,sentence
People jumping in sacks in a grassy area with trees.,sentence
Many kids are participating in a potato sack race.,sentence
A woman screams into a microphone with orange messy hair and green eyeshadow.,sentence
A man with an ear-piece opens his mouth wide as he sings into a microphone.,sentence
A person with red-hair and blue eyeshadow sings into a microphone.,sentence
Vocalist singing into a microphone.,sentence
"A brown car is diving down the street, while people cross at the corner.",sentence
Three boys in white shirts are walking behind an older model Ford car.,sentence
An old Ford passes through the street.,sentence
Old car driving down the road.,sentence
A man and woman laughing.,sentence
"Four construction workers, wearing neon vests, stand at a construction site along with some equipment.",sentence
Construction workers are standing around the back of a dump truck.,sentence
Men standing around a cement truck on a construction site.,sentence
Four construction workers standing by a concrete machine.,sentence
Performers dressed in browns and blacks are dancing with speakers in the background.,sentence
Several people in loose clothing dance in a circle.,sentence
3 people are dancing in weird clothes.,sentence
Some hipsters dancing to the music.,sentence
A woman bagging up fruits and vegetables to sell at a stand,sentence
Woman sitting down selling vegetables and other items.,sentence
Young girl wearing pink parka surrounded by abstract looking art.,sentence
A child wearing a coat among some trees and funny designs.,sentence
A girl is standing on a jungle gym.,sentence
A man in a white outfit is standing in a leaning forward position with other people in similar outfits standing in the background.,sentence
A group of people in white sports outfits are gathered together while one of them performs a dance.,sentence
Black man does the flatulence dance and lets loose in front of some islanders.,sentence
Distracted guy on cellphone walking.,sentence
"The referee is about to drop the puck in a hockey game, the players are ready for action.",sentence
The hockey players and referee are preparing for a face-off.,sentence
Hockey players waiting for the referee to drop the puck.,sentence
Hockey players fighting over a puck.,sentence
Two Middle Eastern men are in a kitchen while one is shirtless with a chest full of hair and a mustache is preparing fish and the other in a white shirt is peering at the camera.,sentence
People dressed in green and white dancing,sentence
A man with brown hair is all wet wearing a black shirt that someone is helping him with.,sentence
This gentleman just finished a refreshing swim.,sentence
Man sits on bike in air.,sentence
A little girl cuddles a kitten while she looks at Christmas presents and an older woman looks on.,sentence
Grandmother and her granddaughter opening presents at Christmas time.,sentence
A woman and a child in front of a Christmas tree opening presents.,sentence
A child and a woman are sitting in front of a Christmas tree,sentence
"Three young girls in front of a gate, with a bright green house in the background.",sentence
Three young girls standing outside near a fence smile at the camera.,sentence
Three little girls smiling.,sentence
Two of the girls are smiling,sentence
"A tall, dark-haired man in white sport coat and black slacks is walking along a tiled mosaic crosswalk of various colors and designs beside a woman with short, dark hair who is also wearing a white sport coat but with blue jeans.",sentence
"A man and woman seen from above, walking down a complex geometrically designed surface.",sentence
A man and a woman holding hands walk along a brick roadway.,sentence
Two people are walking on a striped path.,sentence
People are walking around and a woman leans on a baby carriage while a large crowd is seen in the background.,sentence
A group of people are walking around a crowded area with dirt on the ground.,sentence
A crowd enjoying a beautiful day at a park possibly on a famous holiday.,sentence
A blond man looking rather lost at a music festival.,sentence
A woman is holding her child while a man is reading something from a piece of paper and taking something from a bowl that a younger girl is holding in a park with a small lake in the background.,sentence
"Woman wearing brown sandals and blue jeans, in a white shirt, holding a baby under a tall tree.",sentence
Toddler in red wearing a chefs hat.,sentence
"A young women smiles, holding a lazer tag gun while several people stand around her",sentence
A smiling woman with dark hair is about to play laser tag with a group of people.,sentence
Players are getting ready for a game of laser tag.,sentence
A woman smiles while holding a clear gun.,sentence
The man sitting seems to be reading while waiting for the bus while the people in the background seem to blend in with the landscape.,sentence
A calm street corner with a man sitting on a stool looking at something on a small platform.,sentence
The old man is sitting alone in the park possibly eating a snack or lunch.,sentence
A man on a street corner works on a drawing.,sentence
Four women are performing a synchronized swimming routine.,sentence
A group of dancing swimmers doing one of their routines.,sentence
Four women participate in synchronized swimming at dark.,sentence
Four women are dancing around in the water.,sentence
"A guy in a white shirt, sunglasses and black pants is riding his skateboard on a street with a lot of trees in the background.",sentence
A guy is skateboarding down a road with a very green forest behind him.,sentence
A young man in jeans and a white shirt skateboarding on a curved road.,sentence
Man riding skateboard down the road in a wooded area.,sentence
A young blond Asian woman wearing a black jacket standing in front of several other young Asians at an outdoor gathering.,sentence
"A japanese person with bleached blond-hair set in a design with spikes, wearing a black leather jacket.",sentence
An Asian girl with blond rocker hair in black jacket is looking down on the ground.,sentence
An oriental woman with blond-hair and a black jacket is in a crowded area.,sentence
A woman with blond-hair and a pink shirt holds a young boy who appears to be sad.,sentence
A woman in a pink shirt is holding an upset looking baby over her shoulder.,sentence
The women is holding the boy while looking across the street.,sentence
Bike wheels in the foreground with some men in jackets blurred in the distance.,sentence
Multiple bike tires are up in the air with three people in the background.,sentence
Behind several overturned bicycles a man is looking down.,sentence
"Men and women walk past a Cartier store on a city sidewalk; a man in an orange shirt and torn jean-shorts carries a camera slung from his shoulder as he leans against the store wall, and a young woman in strappy sandals, a black cap, an orange wig, and a pair of large sunglasses slouches, with her arms folded.",sentence
A woman with pink hair leaning against a building while people walk by.,sentence
A man in an orange shirt is leaning against a wall.,sentence
Two people standing with bags on a sidewalk.,sentence
"Black heavyset male dressed in brown hood jacket, brown pants and white shirt, playing guitar hero.",sentence
A large man wearing a brown sweatshirt playing an electric guitar on a blue rug or carpet.,sentence
"A man with a thin beard and brown jacket plays ""Guitar Hero"" in a crowded room.",sentence
An african american man is playing a red electric guitar.,sentence
A blond woman wearing a gray tank top takes a photo of herself and a young blond boy while they are seated on a bed.,sentence
A woman and a child posing for a picture.,sentence
Group of people sitting on beach around campfire drinking soda pop and talking.,sentence
A group of people are sitting a campfire at night in the woods.,sentence
Some people are sitting around a fire and drinking.,sentence
Several people sitting around a campfire at night.,sentence
"A dog with floppy ears runs on the grass, a fence behind it.",sentence
A white dog is running with an orange fence behind him.,sentence
A brown and white dog playing on grass.,sentence
A dog is playing on the green grass,sentence
The kayaker braces himself as he goes down the river.,sentence
"A bunch of kids are playing soccer with opposing sides, green versus red.",sentence
Six young kids playing soccer on a sunny day.,sentence
Children playing soccer on a nice day.,sentence
Kids playing soccer on a sunny day.,sentence
A man with a helmet and a cellphone is sitting on his moped at a crosswalk.,sentence
An Asian person is sitting in the street on a motorbike.,sentence
A person on a blue scooter waits at a crosswalk.,sentence
A man sits on a blue scooter in the street.,sentence
Two mannequins are standing in the window behind a man who is taking a break from playing an instrument.,sentence
A bagpipe street performer in front of a store window.,sentence
A man plays an instrument on the sidewalk for tips.,sentence
Bagpiper on the street of a city.,sentence
A blond boy wearing a blue shirt and gray short running or jumping in front of a fence,sentence
"A boy wearing a blue t-shirt, khaki shorts, and sandals runs outside.",sentence
A young boy skipping down a tennis court in absolute glee.,sentence
Young boy in blue shirt skipping by chain link fence,sentence
"A man wearing a breathing filter is painting some marks with red paint on a large, blue painting.",sentence
A man is making spray paint art and spray painting Anarchy symbols onto the painting,sentence
A man is illustrating using a spray paint can.,sentence
Man creates art using spray paint.,sentence
Two people are sitting on the grass with the water just below them along with a waterfall.,sentence
Couple sitting in park near a small waterfall.,sentence
A young man with his back to the camera is being watched by youths sitting at two picnic tables before a backdrop of grass and trees.,sentence
A teenage boy in a white shirt is speaking to a group of teenagers who are sitting at picnic tables in front of a park.,sentence
The man is gesturing towards the young adults who are sitting on park benches in front of a landscaped background.,sentence
"Two young men, one standing before a microphone and one sitting and drinking from a cup, are on stage, along with two paintings, a white screen, a lamp, and an Apple laptop.",sentence
One man wearing glasses sits in front of an Apple computer and drinks from a cup while another man wearing a cap and glasses stands in front of a microphone.,sentence
"Two men in front of a projector screen, one at a microphone.",sentence
Guy doing his dubbing and the director drinking his beverage,sentence
"Four construction workers, wearing neon vests, stand at a construction site along with some equipment.",sentence
Construction workers are standing around the back of a dump truck.,sentence
Men standing around a cement truck on a construction site.,sentence
Four construction workers standing by a concrete machine.,sentence
The girl is wearing silver shoes and a pink jacket.,sentence
Two teenage girls are texting in the park.,sentence
The girls take a break in the afternoon.,sentence
A group of people sitting on a sidewalk.,sentence
Adolescents are sitting on the floor with strings stretched across the room.,sentence
Multiple men and woman are sitting against a wall and holding strings.,sentence
A group of 8 teenager sitting along a wall holding a string.,sentence
People sitting on a rug around ropes.,sentence
An Asian man and woman smile while the man points to something to the right of the picture.,sentence
"There is an Asian man and woman, both smiling, and he is pointing at her.",sentence
A man and a woman are smiling,sentence
Two people laugh.,sentence
Several people dressed primarily in blue and white wait outside for a cable car.,sentence
A group of people wait at a stop for the next trolley.,sentence
People walk on a sidewalk next to tram tracks.,sentence
Tourists walk and gather in a crowded city.,sentence
